Code,License Type,Indicator Name,Long definition,Source,Topic,Periodicity,Aggregation method,Statistical concept and methodology,Development relevance,Limitations and exceptions,General comments,License URL
EG.ELC.ACCS.ZS,CC BY-4.0,Access to electricity (% of population),"Access to electricity is the percentage of population with access to electricity. Electrification data are collected from industry, national surveys and international sources.","World Bank Global Electrification Database from "Tracking SDG 7: The Energy Progress Report" led jointly by the custodian agencies: the International Energy Agency (IEA), the International Renewable Energy Agency (IRENA), the United Nations Statistics Division (UNSD), the World Bank and the World Health Organization (WHO).",Environment: Energy production & use,Annual,Weighted Average,"Data for access to electricity are collected among different sources: mostly data from nationally representative household surveys (including national censuses) were used. Survey sources include Demographic and Health Surveys (DHS) and Living Standards Measurement Surveys (LSMS), Multi-Indicator Cluster Surveys (MICS), the World Health Survey (WHS), other nationally developed and implemented surveys, and various government agencies (for example, ministries of energy and utilities). Given the low frequency and the regional distribution of some surveys, a number of countries have gaps in available data. To develop the historical evolution and starting point of electrification rates, a simple modeling approach was adopted to fill in the missing data points - around 1990, around 2000, and around 2010. Therefore, a country can have a continuum of zero to three data points. There are 42 countries with zero data point and the weighted regional average was used as an estimate for electrification in each of the data periods. 170 countries have between one and three data points and missing data are estimated by using a model with region, country, and time variables. The model keeps the original observation if data is available for any of the time periods. This modeling approach allowed the estimation of electrification rates for 212 countries over these three time periods (Indicated as "Estimate"). Notation "Assumption" refers to the assumption of universal access in countries classified as developed by the United Nations. Data begins from the year in which the first survey data is available for each country.","Maintaining reliable and secure electricity services while seeking to rapidly decarbonize power systems is a key challenge for countries throughout the world. More and more countries are becoming increasing dependent on reliable and secure electricity supplies to underpin economic growth and community prosperity. This reliance is set to grow as more efficient and less carbon intensive forms of power are developed and deployed to help decarbonize economies.

Energy is necessary for creating the conditions for economic growth. It is impossible to operate a factory, run a shop, grow crops or deliver goods to consumers without using some form of energy. Access to electricity is particularly crucial to human development as electricity is, in practice, indispensable for certain basic activities, such as lighting, refrigeration and the running of household appliances, and cannot easily be replaced by other forms of energy. Individuals' access to electricity is one of the most clear and un-distorted indication of a country's energy poverty status.

Electricity access is increasingly at the forefront of governments' preoccupations, especially in the developing countries. As a consequence, a lot of rural electrification programs and national electrification agencies have been created in these countries to monitor more accurately the needs and the status of rural development and electrification.

Use of energy is important in improving people's standard of living. But electricity generation also can damage the environment. Whether such damage occurs depends largely on how electricity is generated. For example, burning coal releases twice as much carbon dioxide - a major contributor to global warming - as does burning an equivalent amount of natural gas.",,,https://datacatalog.worldbank.org/public-licenses#cc-by
SH.DYN.MORT,CC BY-4.0,"Mortality rate, under-5 (per 1,000 live births)","Under-five mortality rate is the probability per 1,000 that a newborn baby will die before reaching age five, if subject to age-specific mortality rates of the specified year.","Estimates developed by the UN Inter-agency Group for Child Mortality Estimation (UNICEF, WHO, World Bank, UN DESA Population Division) at www.childmortality.org.",Health: Mortality,Annual,Weighted average,"The main sources of mortality data are vital registration systems and direct or indirect estimates based on sample surveys or censuses. A "complete" vital registration system - covering at least 90 percent of vital events in the population - is the best source of age-specific mortality data.

Estimates of neonatal, infant, and child mortality tend to vary by source and method for a given time and place. Years for available estimates also vary by country, making comparisons across countries and over time difficult. To make neonatal, infant, and child mortality estimates comparable and to ensure consistency across estimates by different agencies, the United Nations Inter-agency Group for Child Mortality Estimation (UN IGME), which comprises the United Nations Children's Fund (UNICEF), the World Health Organization (WHO), the World Bank, the United Nations Population Division, and other universities and research institutes, developed and adopted a statistical method that uses all available information to reconcile differences. The method uses statistical models to obtain a best estimate trend line by fitting a country-specific regression model of mortality rates against their reference dates.","Mortality rates for different age groups (infants, children, and adults) and overall mortality indicators (life expectancy at birth or survival to a given age) are important indicators of health status in a country. Because data on the incidence and prevalence of diseases are frequently unavailable, mortality rates are often used to identify vulnerable populations. And they are among the indicators most frequently used to compare socioeconomic development across countries.","Complete vital registration systems are fairly uncommon in developing countries. Thus estimates must be obtained from sample surveys or derived by applying indirect estimation techniques to registration, census, or survey data. Survey data are subject to recall error, and surveys estimating infant/child deaths require large samples because households in which a birth has occurred during a given year cannot ordinarily be preselected for sampling. Indirect estimates rely on model life tables that may be inappropriate for the population concerned. Extrapolations based on outdated surveys may not be reliable for monitoring changes in health status or for comparative analytical work.","Given that data on the incidence and prevalence of diseases are frequently unavailable, mortality rates are often used to identify vulnerable populations. Moreover, they are among the indicators most frequently used to compare socioeconomic development across countries. Under-five mortality rates are higher for boys than for girls in countries in which parental gender preferences are insignificant. Under-five mortality captures the effect of gender discrimination better than infant mortality does, as malnutrition and medical interventions have more significant impacts to this age group. Where female under-five mortality is higher, girls are likely to have less access to resources than boys.

Aggregate data for LIC, UMC, LMC, HIC are computed based on the groupings for the World Bank fiscal year in which the data was released by the UN Inter-agency Group for Child Mortality Estimation.

This is the Sustainable Development Goal indicator 3.2.1[https://unstats.un.org/sdgs/metadata/].",https://datacatalog.worldbank.org/public-licenses#cc-by
