﻿"SeriesCode","Year","DESCRIPTION",
"SH.FPL.SATM.ZS","YR1990","Averages for regions/groups are based on country-level data around 1990.",
"SH.MED.NUMW.P3","YR1990","Averages for regions/groups are based on country-level data around 1990.",
"SH.STA.BRTC.ZS","YR1990","Averages for regions/groups are based on country-level data around 1990.",
"SP.ADO.TFRT","YR1990","Interpolated using data for 1987 and 1992.",
"SH.MED.PHYS.ZS","YR1990","Averages for regions/groups are based on country-level data around 1990.",
"SH.STA.BFED.ZS","YR1990","Averages for regions/groups are based on country-level data around 1990.",
"SP.ADO.TFRT","YR1991","Interpolated using data for 1987 and 1992.",
"SP.ADO.TFRT","YR1992","The data refer to 1990-1995.",
"SP.ADO.TFRT","YR1993","Interpolated using data for 1992 and 1997.",
"SP.ADO.TFRT","YR1994","Interpolated using data for 1992 and 1997.",
"SP.ADO.TFRT","YR1995","Interpolated using data for 1992 and 1997.",
"SP.ADO.TFRT","YR1996","Interpolated using data for 1992 and 1997.",
"SP.ADO.TFRT","YR1997","The data refer to 1995-2000.",
"SP.ADO.TFRT","YR1998","Interpolated using data for 1997 and 2002.",
"SP.ADO.TFRT","YR1999","Interpolated using data for 1997 and 2002.",
"SP.ADO.TFRT","YR2000","Interpolated using data for 1997 and 2002.",
"SH.STA.BFED.ZS","YR2000","Averages for regions/groups are based on country-level data around 2000.",
"SH.MED.PHYS.ZS","YR2000","Averages for regions/groups are based on country-level data around 2000.",
"SP.REG.BRTH.ZS","YR2000","Averages for regions/groups are based on country-level data around 2000.",
"SH.STA.BRTC.ZS","YR2000","Averages for regions/groups are based on country-level data around 2000.",
"SH.MED.NUMW.P3","YR2000","Averages for regions/groups are based on country-level data around 2000.",
"SH.FPL.SATM.ZS","YR2000","Averages for regions/groups are based on country-level data around 2000.",
"SP.ADO.TFRT","YR2001","Interpolated using data for 1997 and 2002.",
"SP.ADO.TFRT","YR2002","The data refer to 2000-2005.",
"IC.FRM.FEMO.ZS","YR2002    ","The sample was drawn from the manufacturing sector only.",
"IC.FRM.FEMO.ZS","YR2003    ","The sample was drawn from the manufacturing sector only.",
"SP.ADO.TFRT","YR2003","Interpolated using data for 2002 and 2007.",
"SP.ADO.TFRT","YR2004","Interpolated using data for 2002 and 2007.",
"IC.FRM.FEMO.ZS","YR2004    ","The sample was drawn from the manufacturing sector only.",
"IC.FRM.FEMO.ZS","YR2005    ","The sample was drawn from the manufacturing sector only.",
"SP.ADO.TFRT","YR2005","Interpolated using data for 2002 and 2007.",
"SP.ADO.TFRT","YR2006","Interpolated using data for 2002 and 2007.",
"IC.FRM.FEMO.ZS","YR2006    ","The sample was drawn from the manufacturing sector only.",
"IC.FRM.FEMO.ZS","YR2007    ","The sample was drawn from the manufacturing sector only.",
"SP.ADO.TFRT","YR2007","The data refer to 2005-2010.",
"SP.ADO.TFRT","YR2008","Interpolated using data for 2007 and 2012.",
"SP.ADO.TFRT","YR2009","Interpolated using data for 2007 and 2012.",
"SP.ADO.TFRT","YR2010","Interpolated using data for 2007 and 2012.",
"SP.REG.BRTH.ZS","YR2010","Averages for regions/groups are based on country-level data around 2010.",
"SH.MED.PHYS.ZS","YR2010","Averages for regions/groups are based on country-level data around 2010.",
"SH.STA.BFED.ZS","YR2010","Averages for regions/groups are based on country-level data around 2010.",
"SH.FPL.SATM.ZS","YR2010","Averages for regions/groups are based on country-level data around 2010.",
"SH.MED.NUMW.P3","YR2010","Averages for regions/groups are based on country-level data around 2010.",
"SH.STA.BRTC.ZS","YR2010","Averages for regions/groups are based on country-level data around 2010.",
"SP.ADO.TFRT","YR2011","Interpolated using data for 2007 and 2012.",
"SP.ADO.TFRT","YR2012","The data refer to 2010-2015.",
"SP.ADO.TFRT","YR2013","Interpolated using data for 2012 and 2017.",
"SP.ADO.TFRT","YR2014","Interpolated using data for 2012 and 2017.",
"SP.ADO.TFRT","YR2015","Interpolated using data for 2012 and 2017.",
"SP.ADO.TFRT","YR2016","Interpolated using data for 2012 and 2017.",
"SH.STA.BFED.ZS","YR2016","Averages for regions/groups are based on most recent available country-level data (2013-).",
"ER.PTD.TOTL.ZS","YR2016","Reflects data that was available in the Protected Planet API in January 2017.",
"SH.FPL.SATM.ZS","YR2016","Averages for regions/groups are based on most recent available country-level data (2014-).",
"ER.LND.PTLD.ZS","YR2016","Reflects data that was available in the Protected Planet API in January 2017.",
"ER.MRN.PTMR.ZS","YR2016","Reflects data that was available in the Protected Planet API in January 2017.",
"ER.MRN.PTMR.ZS","YR2017","Reflects data that was available in the Protected Planet API in August 2018.",
"ER.LND.PTLD.ZS","YR2017","Reflects data that was available in the Protected Planet API in August 2018.",
"SH.MED.NUMW.P3","YR2017","Averages for regions/groups are based on most recent available country-level data (2013-).",
"ER.PTD.TOTL.ZS","YR2017","Reflects data that was available in the Protected Planet API in August 2018.",
"SP.REG.BRTH.ZS","YR2017","Averages for regions/groups are based on most recent available country-level data (2015-).",
"SH.MED.PHYS.ZS","YR2017","Averages for regions/groups are based on most recent available country-level data (2013-).",
"SP.ADO.TFRT","YR2017","The data refer to 2015-2020.",
"SP.ADO.TFRT","YR2018","Interpolated using data for 2017 and 2022.",
"ER.PTD.TOTL.ZS","YR2018","Reflects data that was available in the Protected Planet API in March 2019.",
"ER.LND.PTLD.ZS","YR2018","Reflects data that was available in the Protected Planet API in March 2019.",
"ER.MRN.PTMR.ZS","YR2018","Reflects data that was available in the Protected Planet API in March 2019.",
"SH.STA.BRTC.ZS","YR2018","Averages for regions/groups are based on most recent available country-level data (2014-).",
"SP.ADO.TFRT","YR2019","Interpolated using data for 2017 and 2022.",
"SP.ADO.TFRT","YR2020","Interpolated using data for 2017 and 2022.",
"SH.STA.MALN.FE.ZS","YR2020","The estimates for the year 2020 do not account for the impact of COVID-19.  Household survey data on child height and age were not collected in 2020 due to physical distancing policies.",
"SH.STA.MALN.MA.ZS","YR2020","The estimates for the year 2020 do not account for the impact of COVID-19.  Household survey data on child height and age were not collected in 2020 due to physical distancing policies.",
"SH.STA.MALN.ZS","YR2020","The estimates for the year 2020 do not account for the impact of COVID-19.  Household survey data on child height and age were not collected in 2020 due to physical distancing policies.",
"SH.STA.OWGH.FE.ZS","YR2020","The estimates for the year 2020 do not account for the impact of COVID-19.  Household survey data on child height and age were not collected in 2020 due to physical distancing policies.",
"SH.STA.OWGH.MA.ZS","YR2020","The estimates for the year 2020 do not account for the impact of COVID-19.  Household survey data on child height and age were not collected in 2020 due to physical distancing policies.",
"SH.STA.OWGH.ZS","YR2020","The estimates for the year 2020 do not account for the impact of COVID-19.  Household survey data on child height and age were not collected in 2020 due to physical distancing policies.",
"SH.STA.STNT.FE.ZS","YR2020","The estimates for the year 2020 do not account for the impact of COVID-19.  Household survey data on child height and age were not collected in 2020 due to physical distancing policies.",
"SH.STA.STNT.MA.ZS","YR2020","The estimates for the year 2020 do not account for the impact of COVID-19.  Household survey data on child height and age were not collected in 2020 due to physical distancing policies.",
"SH.STA.STNT.ZS","YR2020","The estimates for the year 2020 do not account for the impact of COVID-19.  Household survey data on child height and age were not collected in 2020 due to physical distancing policies.",
"SH.STA.WAST.FE.ZS","YR2020","The estimates for the year 2020 do not account for the impact of COVID-19.  Household survey data on child height and age were not collected in 2020 due to physical distancing policies.",
"SH.STA.WAST.MA.ZS","YR2020","The estimates for the year 2020 do not account for the impact of COVID-19.  Household survey data on child height and age were not collected in 2020 due to physical distancing policies.",
"SH.STA.WAST.ZS","YR2020","The estimates for the year 2020 do not account for the impact of COVID-19.  Household survey data on child height and age were not collected in 2020 due to physical distancing policies.",
"SH.SVR.WAST.FE.ZS","YR2020","The estimates for the year 2020 do not account for the impact of COVID-19.  Household survey data on child height and age were not collected in 2020 due to physical distancing policies.",
"SH.SVR.WAST.MA.ZS","YR2020","The estimates for the year 2020 do not account for the impact of COVID-19.  Household survey data on child height and age were not collected in 2020 due to physical distancing policies.",
"SH.SVR.WAST.ZS","YR2020","The estimates for the year 2020 do not account for the impact of COVID-19.  Household survey data on child height and age were not collected in 2020 due to physical distancing policies.",
